question,answer

question    教授，请问你开始炒股的时候是如何搭建自己的交易系统的？有什么方法或思路经验可以分享吗？,"answer    我开始炒股的时候压根儿没啥系统，和你们差不多，找朋友问个致富代码就闭着眼睛直接上。

我记得很清楚，我第一次买股票，朋友告诉了我一个代码，我因为不熟悉买入的时候输错了其中一位。结果当天股市大跌，只有我买的这个股票还是涨的。我qq上留言去夸朋友，朋友被我憋的说不出话来。他给我推荐的那个可是跌了不少。

我误买的这个股票叫做中孚实业，后来是个大牛股，06-07年涨了几十倍。但我并没有拿住，记得是割肉出局的。而我那个朋友水平真的不错，那一波大牛市赚了很多钱。而我虽然也靠牛市赚了点，但很少。

举例子是想说明，体系建立是件很艰难的事儿。各位从小学一年级开始，总要到高中才能建立起基本都科学素养体系。投资一般来说需要两轮牛熊，差不多十几年。现在互联网发达，悟性高的也行一轮也可以。

体系建立之所以难，在于必须和自己性格匹配。

比方说我这里天天教大家价值投资，躺赢的人生，慢慢的变富。但绝大部分人就是要快快的变富，最好明天就变成有钱人。这个认识上的差距就是建立体系最大的障碍。

投资本身是三观问题。三观不合，别人的体系就对你没用。"

question    教授，满仓白马打新是不是胜过定投ETF呢？,"answer    好问题，我认为是的。不过有几个前提。

第一个前提，你对比的是骑白马打新和hs50etf之类的指标。etf有很多种，如果是别的类型的etf就失去可比性。

第二个前提，你需要有足够的账户。由于打新有顶格上限，一个账户的容量也就是不超过30万。如果你钱多账户少，那意义不大。未了避免误会，这里说明下，同个身份证下的所有账户算一个。通常一个人可以搞到父母，配偶的账户，加上自己的一共四个，那就可以容纳120万资金。我见过有人最多手里40多个账户的，那就可以容纳1000多万。

目前打新收益率平均大约是年化5%左右，白马分红算是2%左右，加起来就是7%。

假设你选中的白马股走势和etf基本一致，那你每年就多赚了7%。其实是一笔很惊人的收益。

里面的风险就是选股不当，导致股票本身大大跑输etf。但风险和收益总是对等的，也有可能运气好跑赢啊。"

question    教授好，我是浙大金融学本科大四学生，没能保上研究生，又对金融科研兴趣缺缺。现在实习在学习一些数据库方面的知识，但学习计算机又感觉自己已经落下了很多，对自己的未来很迷茫，希望能给予一些指点。谢谢！,"answer    学习计算机本身我觉得是没啥错的。未来金融领域肯定要用到很多计算机知识，多学一点也没错。

不过具体到你个人，我觉得更加重要的问题是职业方向。虽然你对金融科研没啥兴趣，但你对金融行业本身有兴趣没有。毕竟浙大金融在国内虽然不算一线，至少也算二线，发展下去钱途还是非常好的。

建议你可以找个金融企业先实习或者工作一段，找到自己的努力方向。金融领域可以做的事情也很多，可能里面就有适合你的。

上海杭州都有一些金融和互联网结合的企业，你可以自己去找一下，看看能否有启发。"

question    为什么说安诺其是跟风浙江龙盛的？明明是生产染料的,"answer    跟风不跟风还是很容易看出来的。比方说最近浙江龙盛连续涨停，那肯定是染料股的龙头。别的股涨没那么多就是跟风。

至于到底哪个股票会成为龙头，其实是市场的选择。这次爆炸对浙江龙盛利好最大，所以市场选择了他。"

"question    教授,最近卖一处房产有200万,但自己还有200万加快28年上浮30%,即6.37%的高息贷.这笔钱有朋友说不一定要全还给那个6.37的高息贷，可以组合理财（银行理财,私募,基金,甚至股票)。您有没有什么高见?","answer    6.37的利息不低，如果是5以下还可以考虑。

我给你举个例子，你买股票的话，现在融资利率都可以做到6.5-6.8，很多银行发的信用贷不超过6，港股账户融资理论只有2多。

而且这些贷款或者融资，都是你想用的时候用，不用的时候可以还了不产生利息的。而你这笔钱呢，时时刻刻都产生利息。

当然如果实在你别的渠道都借不到钱，那或许可以考虑这笔钱。但先问自己两个问题

第一，这笔钱你最多能承受多大程度的亏损。

第二，如果到了你自己的止损线，你的处理办法是什么。

这两个问题如果都有明确的答案，那也行可以吧。"

question    教授，流动资金大概是50w 左右（只能短期理财，一个月至三个月），我自己投了几个网贷平台，陆金所，人人贷，拍拍贷，微贷网 了，爱钱进，不知是否合理？最近了解到网金社股东很牛逼，是否值得投资呢？由于做生意的原因，每月过手有50w左右，所以希望星主解答下，像我这样的财务状况该如何操作？,"answer    统一答复一下关于网贷的问题吧。我不知道具体平台会有什么问题，但是的确建议大家到期退出，提前支取可能性估计不大。

网贷平台的老板一般都牛逼的，不牛逼也组不成台子啊。但这个牛逼其实是没用的，短期有问题可能还能抗一抗，长期都是真金白银，谁会来给填这个坑呢。

当然也不用太悲观，最后肯定也有能活下来的网贷台子。但没必要为了那几个利息去冒险。我给大家算下，网贷平台，就算你一年能拿到15%利息，但还存在血本无归的可能性，收益和风险根本是不匹配的。

办网贷台子的，十有八九不会是谦谦君子，江湖气很重。万一真出了问题，你能指望台子老板牺牲自己来赔你们的钱么？

总之，目前这种情况下，投资网贷的风险过大，完全没必要冒险。"

question    教授，看五粮液1月份至今的日线，就像一条30度向上的直线。请问为什么会出现这样“完美”的机会机会？是不是理论上每支个股都会有这样的时期？谢谢,"answer    主升浪啊，理论上每个股票都会有的，实际上然并卵。

五粮液走的那么好，主要还是前面有大哥茅台带路，一路把白酒的估值提升上去了。其次就是去年五粮液的业绩真的好，大幅增长。虽然市场不知道具体涨了多少，但肯定很多就是了。另外一个因素就是外资不断买入，有持续资金进入。

外资对白酒感兴趣，主要是因为有中国特色。中国人有一种独特的面子思维，请人吃饭要喝最好的酒，不在乎价格。

虽然高端白酒很贵，但和中国人的面子比起来，显得很便宜了。所以销量一直在增大。

不过我总担心政府会给白酒加税，这是没有出手买的主要原因。"

"question    为了我们新手的学习，能否可以选择一个大盘股，周期性的对其进行分析？
我想一年的时间，通过系统的讲解一只股票，可以受益很多～",answer    推荐你两本书。唐朝的手把手教你读财报1和2。应该能满足你的需求

"question    2009年上半年，创业板预热阶段，大盘一路涨，涨到7月底歇脚。但此后中小板和主板当中带创业板概念的股票继续涨，又涨了一年半，到2010年底以统A指数计，这轮小牛市方才告结束。
所以我想请教教授，这一轮会不会是个小牛市？您对目前的大盘是如何判断的？","answer    我的判断是大牛市，不是小牛市。但我的判断并没有什么鸟用，行情都是走出来的，所有的预判都没有意义。我们唯一要做的，就是选好股票，安静等待。

给大家举个例子，一个20岁的年轻人，有可能遇到好时代发大财，也可能遇到艰难时世。但无论在什么时代，努力总比不努力好。

投资也是这样，只有菜鸟才会每天考虑未来是不是牛市，高手做到就是选好股票而已。风来了，这些股票自然会上天。

其实我一点都不喜欢牛市，当然我也不太喜欢熊市，我喜欢正常的小涨小跌的市场。在这种市场中，才是比拼水平的。牛市很大程度都是比运气。"

question    皇叔，最近通过您关注了骑大公众号，学习了一下，觉的目前银行股普遍估值偏低，尤其大部分银行股市净率破1，是否是长期持有的好机会？根据您的思路，长期持有并参与打新是否可行？,"answer    借这个问题谈谈我对银行的看法。我算半个银粉，对银行有多年的跟踪。我国的银行整体来说都是低估的，主要是大家担心坏账情况，其次是担心利润下降。但也有一种声音认为不用过度担心坏账，这些都会在发展中解决。

坏账主要是因为我国银行都是国企，要讲政治正确，因此很多时候不该放款的也放出去了。但随着供给侧改革和去年底开始的扶持私企，很多坏账都随之化解。此外目前正在进行地方政府去债务行动，未来三至五年内政府债务也会有所化解。所以坏账问题的确不用过于忧虑。退一万步说，即便银行真的隐藏着大量坏账，有一天会爆发出来，那个时候难道a股其他公司会好么？

另一个忧虑是目前银行利润非常好，主要原因是息差很大，也就是存款和贷款利息的差额很大，银行可谓真正的躺赚。所以存在一种可能就是政府会把这个息差降下来，实际上也就是让银行给实体企业让利。

这种可能是客观存在的。但后果最坏也就是银行利润增速下降或者归零，利润减少不太可能。所以也不用过虑。

所以总体我是看好银行的。从这个逻辑出发买点银行etf屯着没有问题。

如果进一步还要挑选到底是什么银行更好，哪有几个推荐。

四大行工农中建，通常推荐工行和建行。工行是公认经营水平最高，建行是房贷占比最高，大家知道房贷是最安全的贷款，所以建行坏账最少。

股份制行里通常推荐招行和平安，最多加个民生。招行水平最高不解释，平安银行是因为有中国平安加持，转型很快被看好。民生主要是估值低到不像话，大家赌估值水平回升。

地方商业行我最喜欢宁波银行，增长快，互联网业务出色。也有喜欢南京银行的，理由类似，但我认为不如宁波银行。

对了，还有个不错的地方商业行叫做贵阳银行可以考虑。

还有一种特殊的银行叫做农商行，过去的农村信用社改制来的，港股里面有不少。但通常管理水平较低，里面很可能有雷，不建议新手去玩。

另外，很多银行都有港股，价格往往比a股便宜不少。如果有渠道的话，可以直接用港股券商来购买。注意，用港股通不太划算，因为分红要交20%的税。

以上关于银行说的比较全面了。未来关于银行的问题都请参见这个回答，一般可能我就不回答了。谢谢！"

"question    教授早上好！想请问您看青松股份如何？是否可以建仓？
冒昧打扰，如果方便的话，请赐教。","answer    青松股份我还比较熟悉，是典型的白马股，业绩每年都在上升，目前看市盈率也不高。公司主营的冰片和樟脑的价格这几年也一直走高，这是利润增长的主要来源。主要的问题是最近推出了定增，价格不太高，让市场不太高兴。
?
是不是能买我没法给你直接的答案，但有三条建议供参考。
?
第一、樟脑和冰片的价格是不是会持续上涨，至少也不会下跌。
?
第二，这次公司定增拿了钱是去干什么，是不是去扩大产能。我查了下，公司的说法是增加面膜、护肤品、湿巾的产能。这些产品的利润肯定都是非常高的。那么进一步可能你需要去分析，国内在这些产品方面，产能是不足还是过剩。如果是不足，那肯定是好事。如果本身过剩，那么公司冲进去以后的优势会是什么，如果有优势，那也没有问题。
?
我这里无责任脑补一下，既然是上市公司，肯定生产质量还是有保证。那么针对那些小厂，就可能有降维打击的优势。因为这些产品最重要的就是安全性。
?
第三，公司拿了钱是去收购诺斯贝尔，那么这家公司是不是值这个钱，利润情况如何。这笔交易是否合理，还是有猫腻在里面。
?
如果以上三条都没有问题，那就可以买。"

question    教授，在类似最近这种回调周期融资分批买入平安，华泰这种标的，等待指数回升后卖出，您觉得这样操作可行吗？,"answer    这里面最重要的一个问题是你的逻辑到底是短中长哪种？

通常大部分人进股市的时候，都会先玩短线，亏差不多了，一部分人退出股市，另外一部分人通过反思进行成长。

对了，你这里提到了融资，我是坚决反对新手上融资的。任何股票，注意我说的是任何股票，都可能在短期内跌掉20%以上。假设你有一万块钱，又融资了一万块钱，这时候股价跌了20%，你的总亏损来到了40%，那你准备怎么办呢？

股市需要长期生存的艺术，不能把自己放在一个崩盘的可能性当中。

换句话说，股市最需要的是猥琐发育，然后等到牛市捡钱。"

question    请问教授对于小额资金来说，比如市值7w，是不是应该尽量持有少数股票，提高个股的可操作性？还是应该持有多板块多只股，提高风险对冲？谢谢,"answer    从操作习惯来说，我认为再小的资金也需要分仓。一般来说肯定还是要兼顾打新，所以深市和沪市要平均分配。我的习惯是各分配两支，这样就有四支了。

有些大v可能说小钱买一两个就可以了，我认为不正确。7万也好，700万也好，都是需要我们认真对待的。

举个例子，读书的时候，如果平时作业你不认真对待，那又怎能指望考试突然就爆发呢？

另外我觉得，人生不同阶段对钱的态度不同。比方说刚工作，7万也不少，那就是值得你认真对待的。如果不愿意花太多时间，那么去买基金好了，没必要来买股票。

当然也有一种可能，就是你发现了一个特别好的机会，准备一把梭。但如果真有这样的机会，其实7万和70万也没啥区别，可能到了700万会有点区别。"

question    刘教授，请教一下聚光科技，它一边大股东在减持，一边公司又在回购股份，这个想不明白啊，这个难道他们也在炒股吗？这个能说说您的看法吗？,"answer    聚光科技我比较熟悉，两个大股东都认识。他们主要的资产就是聚光科技，所以如果别的地方需要花钱的话，那肯定需要减持才有钱。其实大股东减持是很正常的，马云和马化腾也多次减持，并不会长期影响公司股价。

回购和减持是不一样的。回购用的是公司的钱，不是股东的钱。举例来说，聚光科技的两个大股东加起来占30+%的股份，公司假设有100块钱，只有30+是他们的。

另外，公司的钱要变成个人的钱，还西药交高额的个税。

所以我觉得以上行为挺正常，不用多想。大股东需要用钱，公司又不想股价跌而已。"

question    刘教授，一个公司，发生融资／融券，会对股价产生什么样的影响呢？另外公司进行流通股增发或者缩减，会产生什么影响呢？上述这些行为，股市里一般都怎么进行称呼呢？另外公司产生这些信息，什么样的平台上我们可以或者这些最新的消息或是提前感知到这些趋势呢？,"answer    融资融券是投资者行为，不是公司行为。

增发问题比较复杂，要看两点。

第一增发价格，如果比现价低很多，比方说20%以上，那肯定是利空，相当于有人用比你便宜很多的价格买了这个股票。如果差价在20%以内，应该还可以。

第二是资金用途。如果拿了钱是用来扩大生产以后赚更多的钱，那就是利好。如果就是圈一笔钱那就是割韭菜，利空。不过钱到底用在哪里需要仔细分析，有时候公告上面是会故意误导你的。

还要一点就是，熊市增发基本会被理解为利空，牛市则会被理解为利好。这个本质上就是市场的情绪。"

question    这波涨得最嗨的就是工业大麻，请问教授，工业大麻真的那么重要吗？长得最凶的顺灏股份已经涨了5倍多……请问皇叔教授，对这个板块后市怎么看？,"answer    工业大麻是典型的炒作，大a股的特色之一。全世界大麻需求量也就那么大，就算全给那几家公司了，也不可能带来那么大的涨幅。

任何市场一定有炒作，举例来说，前几天美股上市的九城，和贾跃亭的ff粘上了关系，当天先是暴涨100%，后开又变成跌10%。

不过a股的炒作主要是因为没有做空机制，只要拉上去就没有对手盘。类似的炒作如果在欧美股市，分分钟就被空头教做人了。

我建议大家对于这些概念就当没看到，原因就是你根本玩不过那些游资的，去了就是送菜。

实在不相信，大家可以拿一万块钱出来专门去玩这些概念，玩上半年，看看还剩多少。就当交学费了。"

question    教授，说到5G肯定华为中兴是中军了。为什么中兴通讯港股才22港币，A股29块人民币，中间的差价这么大，是否买港股的中兴更合适呢？,"answer    借你这个问题谈下a股和h股倒挂的事儿。h股是外资定价，a股是内资定价，所以总体a股的股票估值高很多。如果投机的话可能还是a股好，我个人认为中兴虽然也是个不错的股票，但那分红是没前途的，主要还是投机。

但如果真是原因老老实实当股东，分红高的股票可以选港股。但是要注意，港股通分红要交税，建议想办法直接开港股账户购买。"

question    教授你好，伊利股份这只股票怎么样呢？,"answer    借你这个问题说说我对伊利的看法。伊利真的是好股票，最关键是跑道好，牛奶行业在未来大有可为。越来越多的中国人开始有喝牛奶的习惯，这个市场太大了。虽然伊利是国企，但牛奶这个行业相对简单，不需要太大的创新，只需要规模和市场渠道。

不过近年伊利增长比较慢，18年利润只增长5%，这一点让人不爽，也是近期没有大涨的主要原因。

关心伊利的同学们可以在这个帖子下讨论。"

question    教授，为什么银行里南京银行和宁波银行，保险里中国太保和中国平安估值差这么多？虽然我4个都有，但是都重仓了便宜的。。,answer    你说的估值大概是指pe，但实际上更好的标准是peg。peg的本质就是将pe和利润增长这两个指标结合起来考虑。晚点我会专门馔文说明。

question    教授好，港股第一次打新就踩了润利海事这个小雷，想请教一下港股打新的时候有哪些规避这种坑货的策略吗？目前我从润利海事上看到的是二次上市、90％股票公开配售给小散这两个问题点。,answer    这个问题可能有普遍性，统一答复一下。港股打新随机性很大，最好的办法是用概率去战胜个股的涨跌，就是尽量多打，用赚钱的去覆盖亏损。目前来看，港股新股中的东南亚股，字母股，创业板赚钱概率较大，但很难归纳出什么股会亏钱。

question    教授好，有个问题一直深受困扰。趋势投资者只在牛市中操作，在熊市会定投中证500等指数基金。这样难道不是在价值投资和趋势投资中摇摆吗？换句话说，抛开个人能力问题，熊市中作为价值投资者，寻找价值被低估的优质公司作为防守，牛市中用价值选股趋势交易的策略，选择弹性大的标的作为进攻。这种交易方法是否可行，感谢教授和其他朋友指点。,answer    理论上可以，实际上很难做到。类似于你要求一个学霸还要会泡妞，小概率事件。不过有一个建议是牛市可以加快轮动频率，就是某个股票涨多了就切换到同性质的涨得少的股票上，因为牛市的特点就是大家都会涨。

question    教授对p2p了解多吗？被雷的平台本金还能拿回来吗？,answer    比较好的结果是能拿回来一部分。注意及时向警方提供相关材料，否则就算追回部分可能也没你的份。根据过去的经验，最终拿回30%的本金问题不大，但不会超过70%。

question    皇叔教授您好，请问期权真的像下图说的那么暴利吗？具体操作是怎样的？,answer    给你们普及一个常识吧。期权操作完全是对赌，有人赚1块钱，就必须有另外一个人亏一块钱。这和股票完全不一样，股票是大家可以一起赚。你的这个例子当中，的确有幸运者赚100多倍，但对应的就是无数人亏得渣都不剩。不建议任何新手去玩期权，让新手玩期权的都是骗子。

question    教授 最近港房股涨得非常多，但我发现绿城一直在低位趴着，pe只有4点多，房产股的利润都是两年前的，那怎么来判断当下的哪只房产股是被低估了呢？,"answer    你算问对人了，绿城这个股票我太了解了。绿城的问题有两条，第一管理层不给力，都是原来当官的改行，很多行为是反市场的。第二是有比较多的利益输送行为，中高层挖公司墙角很厉害。如果这两条能改过来，绿城肯定能翻倍甚至更多，但问题就是难啊。

当然绿城的房子的确都是好房子，这也是这个公司最有价值的地方。绿城就是那种企业各方面都很好，就是管理层不行的典型。核心就是他们根本没把股价和股东利益放在心上。"

"question    问题:转行金融行业的路径是什么？
教授你好，我现年27岁，研究生毕业后，做了1年半公务员，股龄1年半。
入市原因是，老爸亏得太惨又不愿离开股市。我刚开始认为A股市场中再厉害的散户都是韭菜，所以从美港股开始做起，后来发现A股捡钱太容易，又转战A股。至今已逐渐将老爸的资金全部代管，代管资金目前整体盈利18%左右。
个人感觉自己逻辑不错，对这一行很热爱，也喜欢钻研，邱国鹭、巴菲特等大师的书看了不少，还自学了金融专业的课程。
目前觉得自己对金融行业是喜欢且擅长的（虽然赚钱有一定偶然性，且未经历长时间检验）。
想请问教授如何快速验证自己是否适合从事金融行业？非金融专业毕业生具体的转行路径应该如何规划？","answer    有两条路吧。

第一条，考个金融博士再转行。如果国内比较困难，可以考虑出国做个mba。如果你的硕士是计算机，数学，物理相关的，我觉得国内还是有可能找到导师愿意招你做博士的。当然你自己也要做一两年的准备。

第二条，直接从私募底层岗位开始做起，比如小研究员。工资不高的，出人头地靠自己能力了。

不过我觉得你是公务员，如果工作不是很忙，其实业余时间做个人投资也没问题。我也是这条路过来的，压力小得多。如果长期投资做能证明自己能力，肯定会有机会。"

question    刘备教授，您好，我想咨询一下新股中了签，待新股上市后，怎么样能做到收益相对最大呢，前段时间我中了金时科技，教授能分析一下吗，谢谢！,"answer    我的做法一向是开板之后立即卖出，不做开板后的博弈。因为实际上开板之后这个就不叫做新股，而叫做次新股了，是两回事。

通常来说，一开始新股都会连续涨停，但当某一天交易额达到1%以上的时候，第二天就有可能破板，我就会从开盘开始观察。如果集合竞价不能涨停，我就直接挂跌停价，开盘的时候直接走人。"

question    这两天中国平安回调是不是平安好医生亏太多的缘故？它的每次回调是不是都是加仓的好机会？,"answer    你这个理解的逻辑有点问题。平安好医生市值不过几百亿，平安的市值万亿。好医生就算跌成0了，对平安的影响也不过几个百分点而已。

真有影响，那也是平安影响好医生。

平安在60左右是非常安全的。现在70多长期看肯定没问题，短期那就没法保证了。我说的长期，那是一年以上。"

question    教授，问一个和股票无关的问题。先把基本情况说一下:岳父一家在杭州省二轻建材市场有个卖门的店铺，G20前在拱墅半山大江运河之星买了套房。房市不景气，装修市场自然冷清，我认为零散装修5至10年内在杭州会自然消失，要凑早转行，或者回到老家县级市还可折腾几年。那套房岳母想卖了，一是怕后面越来越不值钱，二是有房贷压力。我的想法是长久来看杭州的房子还是很有升值空间，只要把房子租了就可以抵大部分房贷。教授，您怎么看？,"answer    任何投资是比较而言的。如果把杭州这套房卖了，有更好的投资渠道，我觉得当然可以。但是如果卖了以后去买县城的房子或者进行其他不靠谱的投资，那还是留着好。

另外既然是g20之前买的，那价格还是相对低的，按揭压力应该不大。如果没有其他好的投资渠道，持有是比较保守也是比较稳妥的方式。"

question    刚刚关注教授，立刻就路转粉了。求教授指点一下兴业银行，还适合长期持有吗？,"answer    兴业银行我持有过，而且一直保持一定的关注。这是一个典型的烟蒂股，就是说价值有一点，但总没啥大意思。从pb和pe等指标看兴业肯定是低估的，但从坏账和增长等指标看却一般。此外兴业历史上有4到5次增发，实际上就是向市场要钱，也导致每股净资产被稀释。

综上，以我目前的风格来说，不是很喜欢兴业，感觉比较磨叽进攻性不足。但是因为估值低，是防守的好标的。所以如果想买了以后就不看，等分红，打新配资的，可以考虑。"

question    教授，如何快速在一家公司的财报中提炼出关键信息,answer    这个问题一言难尽了。建议看一本书“手把手教你读财报”，进阶可以看“聪明的投资者”。还有一种偷懒的办法，就是上雪球去看评论。一般比较热门的股票出来之后，都会有几篇长文评论，后面也有各种争论。全部读完，然后对照财报再琢磨。基本八九不离十

question    教授，重仓新乳业（002946），目前亏损近10个点，请点评并期待后期操作指点。,"answer    感谢你这8块钱，算把我炸出来了。其实这个问题我本来不想回答，因为新乳业这个股票我一点都不熟悉。但既然拿了悬赏，必须认真去看下。看了以后发现是个次新股，所以这个股的基本面不用分析了，因为估值远远超过其他乳制品公司，比方说伊利。

如果您买入这个股就是炒次新投机，那我没啥建议。如果您是价值投资，那我建议您以后不用去玩次新股。"

question    教授曾说比较看好中兴的对吧？本人应届生，签了zte，原以为之前出了事工资要缩水，没想到比去年开得更高了，中兴5g似乎有点搞头，而且研发营收比也一直很高，觉得高层在痛定思痛，颇有想法。每次通信变革行业都要洗牌，打算长期支持波东家，毕竟给了我饭碗。请问您觉得现在中兴估值合理么，还是应该再观望观望？谢教授,answer    因为华为没上市的缘故，所以中兴应该是目前a股5g领域最强者了。恭喜你成为zte的一员，突然想去十几年前我也拿到过zte的offer，虽然最后没去。我其实不太喜欢zte这样的股票，总觉得周期性太强。但作为中兴员工支持自家公司也是没啥问题的。中兴未来的发展可能和中美关系会密切相关，至少美国要默认中兴发展到什么程度。

question    这是财联社给的数据，教授有时间给解读一下,"answer    总的来说，我觉得第一批送审的公司质地比较一般，没啥亮点。乐观来看，第一批送审不一定是第一批上市，也可能会有好几批一起送审，最后从中间挑选出来质量比较好的。不过这些公司估计周一会炒作一波。

不过，目前的炒作行情一般是，好的你买也买不到，你买的到的说不定就炸板。"

"question    新韭请教。
怎么样判断保险股是否值得买呢，买了人寿，但是最近表现看起来并不如意。
看教授经常在讲平安，它跟人寿差别在哪呢，该怎么比较呢？","answer    很多人问人寿和保险公司的问题，借你这个帖子集中回答一下。通常大家会认为所以保险股里平安大于太保大于其他，所以我认为长期持股买平安即可，想分散再加个太保即可。不过人寿有个特性，就是牛市初期会容易被炒作一波，因为他的流通股特别少，大部分掌握在国资手中不会动。前段时间炒人寿和人保就是这个原因，人保是次新大部分股票限售。

所以当牛市初期，人寿估值又特别低的时候，可以利用这个特点套利一把。"

question    建议教授少用提问功能，不然每回答一个问题知识星球就会推送一次会造成一些困扰的。如果想回答问题建议每天开个问答贴翻留言就行了，推送还是留给比较重要的信息吧,"answer    我现在对于回答还是比较谨慎，通常都有几十字甚至上百字。尽量保证问题有意义，回答的也有营养。你也可以看成是我发的一个帖子。

未来我会将回答归纳成一个帖子，很多已经回答过的典型问题就不再会回答了。这样就会使板面好看很多。

这个回答也作为对大家的一个统一答复。"

question    教授，香港账户有一笔港币暂时不动的话，有啥稳妥的投资吗？听听你的建议,answer    少于2万可以尝试一下港股打新，我公众号上有攻略。多的话如果就想平平安安，那就买优先股，但这个我自己也没研究透，下次研究好了会发帖。如果想冒险一点，可买入一揽子高分红港股。

question    教授你好，是自有资金炒股，可做长线三年五年的，具体到每只股票，如何确定自己的止盈方式呢？大盘点位、个股价格、均线、目标收益？,"answer    长线持股止盈只有两个半条件。

第一，过去持有的逻辑不存在了。

第二，发现了你觉得更有价值的标的。

第2.5，遭遇极端股灾等的时候。"

"question    教授你好，近期才关注你的公众号，我初入股市，大部分钱买的基金和场内500etf，我有几个问题，
1、国内炒股，价值投资和趋势交易你觉得哪一个更适合于上班族，二者能否相结合？还是最好先练好一种。
2、现在大盘3000点左右，从股市角度来看创业板估值有泡沫了，大蓝筹白马估值修复的也到合理值了，从经济角度来看，19年经济触底不反弹，货币偏宽松，财政政策中性，减税利多，那么未来股市向上主要靠情绪面吗？现在一把梭500etf，从大概率来讲，半年后取出（需要用钱），亏损的风险有多大？
谢谢！",answer    上班族当然推荐价值投资了，你上班炒股不怕老板暴走么？对大多数人来说，工作收入远比投资重要。等到股市资金超过100万或者200万以后，或许可以认真考虑一下如何平衡工作和投资之间的关系。

question    教授上次在公众号推荐的股票开户，股票有免五吗？,answer    没有，但果断时间会推出免5的福利，星球专享，敬请期待。

question    教授您好，看了今天夜报发现您是计算机出身的，想问一下你对现在量化交易是什么看法？程序猿出身，炒股小白适合接触量化交易吗,answer    量化交易的核心是算法，如果对股市不熟悉是设计不出算法的。大a股可能未必适合量化投资，我知道的几个战绩一般。当然作为程序员朝这个方向努力是可以的，但这个主要指职业，而不是投资。

question    教授，上过你的课，一直想问你对苏宁易购股票有何判断？,answer    其实我挺喜欢苏宁易购的，觉得有可能成长为类似京东这样的巨人。但每次看苏宁报表，总也看不到亮点。真希望苏宁爆发啊。

question    教授，我的提问为什么不回答？时因为不付费就不回答吗,"answer    不回答的问题有三种可能。

第一已经回答过了，可以自己去搜。未来也考虑会把过去的回答整理成一个帖子，便于大家查询。

第二是回答不了。特别是咨询个股的，a股3000多个股票我最多知道不超过100个。另外建议大家提问个股时候用名字不要用代码，因为我不记代码。

另外也有朋友问债券之类的，真的不熟悉。

第三是问题太大，能回答，但不是几句话甚至几十句话能回答清楚。

和给钱关系不大。当然给钱会优先回答。"

question    请教教授，浙江美大后市如何看走势？,answer    浙江美大谨慎看好。集成灶主要是三四线城市和县城农村在用，这些地方正在逐步进入人均gdp5000美元社会，这个阶段是消费的爆发期。

question    教授您好，想请问一下您关于止损策略，您有什么经验或者建议，我交易经验两年左右，现在一半仓位长期持有，一半仓位做波段或短线热点，但是一直没有明确的止损策略，比较苦恼，希望您能指点一下，谢谢。,answer    从技术的角度说，一般亏20%或者跌破20日线是止损线。价值投资的话，只要你买入时候的那个逻辑依然存在的甚至加强，那就不存在止损的。但是如果买入的那个逻辑没有了，那就要认真考虑了。给你举个例子，历史上我买入过华数传媒，有两个理由。第一是可能和Netflix成立合资企业，第二是管理层不错。但当第一个预期被证伪后卖了一半，更换管理层后砸了另一半。

question    教授，江苏银行后面你怎么看,answer    银行其实同质化比较严重，区别不是很大。目前市场比较聚焦的是招行，平安行，宁行。江苏行算是中等偏上的，和大部分银行的走势不会有太多的偏差。其他各类银行我认为区别也不会很大。

question    教授，您好，5G建设是这一两年内炒作的主题，先从预期的建设设备，现阶段，大部分设备都已经按照完毕，慢慢在启用，那么这个预期慢慢在兑现，投资机会将不在有逻辑，后期就是涉及到应用了，应用主要为软件和数据库的应用，想请问，这个逻辑是否可以，这方面的机会在哪里？,answer    你这个逻辑太实在了，目前5g还是疯狂炒作阶段，不会考虑这些的。但是我觉得你的这个思路很好，可以作为以后激情之后的投资参考。

question    教授你好，作为一个小白，最近开始尝试短线操作，加了些号推荐股票，但发现，工作时，基本没多少时间关注股市，错过了很多买入卖出时机。别人都是怎么操作的，是需要一直盯着大盘吗？还有，如果做中长线的话，需要如何入门和提升?,answer    我是不太建议小白玩短线的。第一肯定影响工作，而年轻人最大的机会肯定还是在工作上。第二短线长期来看1赚99亏，赚的大赚其他都大亏。价值投资可学，短线主要靠天赋。举个例子，价值投资就像上大学当码农赚钱，正常人都可以，短线就像演戏去当明星，一将功成万骨枯。

"question    教授您好，我是做汽车行业的，2018年基本上各个车企销售额到峰值，很难再超越；即使就算超越，增长量也会很低。
在这种情况下，假设后面的增长放缓，或者无增长，是否可以认为车企股票增长空间很有限？虽说不一定那么绝对，但是是否可以这样认为？
同理，如果其他行业也明确增长很小的情况下，是否也可以这样认为？",answer    那就看中国车企是不是能升级了。存量市场的确就那么多了，但是还可以从外企嘴里抢肉，甚至去国外抢肉。还要一种可能是中国人以后收入增长了，以国人的面子思维出发，估计会买更贵的车，消费升级么。这些都是车企面临的机会。从长期来看，中国应该会出2-3家丰田大众档次的车企。

"question    转战星球……接着问
      教授，能问一下你夜报的图片都是在哪找的么？感觉每次都跟内容相匹配，就像是为内容定做的一样，比方说上次的，要打600个那个和这次的，能方便说一下么？谢谢",answer    就是百度图片搜的。比方说一个打600个这张图，本来的出发点就是叶问，所欲我就在百度图片里搜甄子丹+漫画，叶问+漫画，甄子丹三个关键词。然后看上哪张就是哪张了

question    教授，想自学编程，有没有好的建议？,answer    自学编程可以从Python开始，应该比较好上手。现在网上有不少入门课程，随便找个看看即可。其实我也一直想学Python来着，但总是找不到空。这里码农同学多，也请大家给小伙伴一点建议。

question    教授，请教一个问题，就是如何看待分红送股 除权除息。谢谢,"answer    分红肯定是利好，第一说明公司利润是真实是不是报表做出来的，所以才有钱分给你们，很多作假公司的特点就是报表上看着赚了很多但从来不分红。第二说明公司管理层不鸡贼，有些公司的确是赚钱的，但大股东舍不得把钱分出去，想尽办法赚小股东便宜。
送股这些我从来不看，基本就是智商测试游戏，割韭菜游戏而已。
由分红导致的除权对企业估值不造成太大影响。因为pe和peg都没变，只有pb变了。
总之分红肯定是大好事。"

question    请问今天宁波银行上涨的因素为何？,answer    今天宁波银行为什么涨我不知道，绝大部分股票的短期涨跌都是无法预测的，有突发利好或者利空刺激的时候毕竟是少数。但长期来看，宁波银行是一家特别好的银行。我最早关注到是因为单位帮我拿集体办了小宁的白领贷，很好用，而且app很好。然后我就顺便关注了一下小宁的财报，亮瞎眼，尤其是增速和坏账这两块。我配置了两个银行分别是小招和小宁，小招作为中国最优秀的银行是公认的，小宁我认为是地方行中最好的。南京银行也不错，但app不好用，我认为本质是互联网思维不如小宁。

question    教授，麻烦咨询下，债权基金的标的怎么选择呢，想无脑定投，年化10%，是否可行？,answer    抱歉，债券不太懂。

question    教授，想问下对于已经启动的杯柄形态牛股，何时是一个比较好的补票上车时机？第一次调整到10日，20日，50日是补票上车的好买点吗,answer    技术我不太懂，也不觉得很有用。一个股票要不要买，在我看来就看是不是被低估。当然，如果我已经决定了要买一个股票，也会适当参考技术指标。通常10日线建仓，20日线补仓。

question    教授，你好，核电股怎么看？,answer    所以的电力股本质都是一张长期债券，核电也不例外。核电的成本是相对固定的，主要看发电水平和上网电价。触发核电股上涨的主要因素是新的机组开始发电和上调上网电价。

question    教授，请问怎么看赫美集团002356，电竞第一股借壳上市的。,answer    我对此没有研究，但我的朋友万神认为会有第二波炒作。

"question    没玩过股票，希望通过基金来获得一定的收益。买了一些指数相关的基金。
提问是想了解一下新成立的基金能判断优劣吗？
是通过基金经理吗?
对热推的睿远成长价值混合A(007119)有了解吗?",answer    基金经理的历史战绩的确是一个重要的参考指标，一般明星基金经理爱惜羽毛，不会做的太差，团队研究能力也会比较强。

question    教授，科创打新的话只计算上证市值吧？是不是要把股票都往上证上挪啊,answer    顶格申购，你钱多也没用啊

question    请问下教授则么看券商的股票价格，港股和大A股普遍价格倒挂比较严重？背后有社么原因吗？目前是否还值得继续持有券商的股票,answer    港股和a股定价机制不一样，普遍都存在差价，券商并不算特殊。但是随着外资逐步进入a股，两边的差价可能会逐步减小。因为港股是外资定价的，这样两边逻辑会趋同。

question    教授，请教一下，您对医药行业的未来发展如何看？目前国家采购是不是对医药股有很大的影响？如果想看这个行业，可以从哪些点入手？,answer    医药我不太懂。但是我有个朋友是专门研究医药的，他说a股医药长期看就是复星，恒瑞，华东top3，其他不用看。

question    教授人生怎么才能获得第一个一百万？您第一个一百万是怎么挣到的！能否分享下经验！谢谢,answer    努力工作就可以赚100万，一二线城市应该都可以。如果是三线以下，可能光靠工作比较难一点，那就要考虑业余时间兼职干点啥。我靠工作赚了50万，然后股市翻倍变成了100万。特别说明一下，其实我工作赚到的不止50万，但前面创业亏出去不少。

question    请问下 中国太保 教授咋么看……我看他前段时间 保险板块里涨幅不是太厉害就买它了,answer    一般认为所有保险股中，平安最好，太保第二。所以我觉得拿太保是没什么问题的。如果大平安涨太多我也会考虑切一部分去太保。

question    教授好，想请教下对游戏股有什么看法。应该考虑哪几个指标，如何选股？,answer    我对游戏股的看法有个转变的过程。最早我不喜欢游戏股，觉得一个游戏红不红偶然性太大。但后来写了公众号后发现，其实做游戏和写公众号是一样的，虽然你不知道哪个游戏是爆款，但内容输出和运营水平是有明显差距的。而且游戏公司的现金流特别好，不存在债务问题。游戏公司估值还是看市场规模，其实从下载量就基本可以判断现金流和利润水平。

question    教授好，您对快递物流行业怎么看的？顺丰控股，公司能给客户提供优质服务，对自家员工也不错，这只股票长期来看怎么样？,answer    顺丰我不是特别看好。顺丰本质和jd一样，服务靠堆人。而未来我大天朝的人力成本迟早会涨到他们用不起。科技方面顺丰表现一般，比菜鸟网络差距明显。

question    提问：你好教授 也凑个热闹请教一只股票：对东山精密（002384）后市怎么看？5G板块后市也请给予评论 谢谢,answer    这个股票我还真不熟悉，为了您八个大洋的悬赏特意去看了下。发现外资在持续买入，电子发票业务也很有前途的样子。YY一下可以持有吧。5g现在炒的太高了，但真正的王者华为并没有上市

question    教授，你推荐的港股中石化油服为撒现在不死不活，不知道该不该继续持有，请赐教！,answer    最近a股的st油服已经连续大涨了，总有人会想起来港股的中石化油服的。港股的特点就是有时候一天就会涨到天上去，我就是在等这一天。当然拿不住不玩也没有任何问题。

question    教授，想问一下科创板有必要开户参与吗？对于新手而言开户的意义仅仅是打新吗？谢谢！,answer    打新肯定是要参与的，大a股的尿性一定会把科创板炒上天。是不是要去交易科创板股票另当别论，纯新手其实是不太建议的，因为过于刺激了。但到时候一定会有科创板基金，可以考虑申购。

question    教授你好，请教一下定投指数基金，每月月投1000和每周投250有区别吗？,answer    没有特别大的区别，随心意即可

question    教授你好，请问找到好公司和低价格，要不就是业绩非常好非常优秀的公司，要不就是价格显著低于内在价值的公司。 请问这类公司有没有什么途径快速找到啊？或者有没有什么方法能推荐下,answer    好公司不是看财报你那个找到的，而是必须对行业和企业都有深入的了解。比方说每年增长20%以上的企业好不好？乐视，东方园林都曾经是这样的企业，但最终都不行。所以找到好的公司没有捷径，必须反复思考学习研究。

"question    教授您好，懒投资弄了一个优买计划，<e type=""web"" href=""https%3A%2F%2Fmp.weixin.qq.com%2Fs%2FKxb8IRh-QTafloDHeC05dw"" title=""%E4%BC%98%E4%B9%B0%E8%AE%A1%E5%88%92%EF%BC%8C%E5%83%8F%E5%B7%B4%E8%8F%B2%E7%89%B9%E4%B8%80%E6%A0%B7%E6%8A%95%E8%B5%84"" />，不知道您怎么看这个，对小白来说是个相对稳妥的方式买股票吗？多谢了",answer    简单看来一下，其实就是一个正常的产品。任何金融产品的设计，最终必然遵循风险和收益对等的原则。这个产品看起来风险很小，但因此有可能收益也较小。

question    教授，有推荐的券商开户吗？想开一个小号,answer    稍等一下，过几天会推荐一个很划算的券商

question    教授，关于指数ETF定投，创业板和中证500怎么配置，比例分配多少。目前可以先建一份底仓，再定投吗？,answer    不建议投创业板，中证500即可，创业板中的大部分优质股票应该都在中证500里了。

question    教授，向你请教下银行股的估值方面问题。对于银行整体板块 是用什么指标衡量估值区间的，板块内的次新股，或者四大行 招行 平安银行 又是用什么指标来进行估值的呢？自己在雪球里找了些，看的有着混乱。,answer    银行三个核心指标。pb，roe，坏账率。由于目前市场普遍担心银行坏账问题，所以坏账率可能是最重要的。pe相对来说没那么重要

question    教授说冯柳资金从 08 年开始，上涨了两百多倍，看了那图，每年都在增长。那想问下在熊市时候资金怎么能上涨呢？,answer    熊市照样有涨的股票啊，比方去年调味品大涨。而且大部分熊市特点是喝酒吃药，就是医药股和白酒股会涨。还是有规律可寻

question    教授，作为一个又懒又不爱学习的金主爸爸，科创板基金来一只吧，我直接去买了,answer    科创板基金还没出来呢，出来以后会提示的。

question    请问教授，净利润增长比例和股价变化的比例是否一样呢？比如平安净利润增长20%，在年报公布后股价就会上涨20%？,"answer    这个问题很复杂，涉及到pe和peg两个估值指标。但有一点可以先强调一下，公布业绩以后涨不涨，主要并不是看业绩本身，而是这个业绩和市场估计之间的比较忙。
举例来说，有个学生考试考了90分照样挨打，因为父母的预期是95。而另外一个学生考了50家长却带他去吃大餐，因为预期是20。"

question    教授，持有华泰证券的理由？是业绩支撑还是别的什么原因？,answer    其实券商同质化比较高，区别不大。我选择华泰的主要原因是认为华泰是少有的线上线下都能打的公司。论线下，华泰是top3，论线上，也是top3，所以攻守兼备。

"question    教授，对于日常写当天热点的文章，这样的碎片化知识其实对于我们系统性学习的帮助不是很大，很多就是看过了就忘了，没有形成一个系统性框架，不利于真正学习。
不知您这边可否有计划做知识星球学习体系或框架呢？或者可以提前公布下吗，谢谢。",answer    我建立知识星球主要就是为了建立系统投资框架这个目的。最近忙了点，稍微空下来以后就会将大部分精力放在这方面。

question    教授好，请问个人加杠杆进科创板是否适合？个人情况：小白，两年多交易经验，不过之前大多时间持有白马和科技股，操作较少。感谢！,answer    绝大多数人不应该上杠杆。因为股市中20-30%的波动是很很正常的，假设你上了一倍杠杆，持仓回调20%，这时候你该怎么办呢？持股的话，再跌可能就要强平了，割肉的话，你就只剩下60%不到的钱（考虑融资利息），猴年马月能赚回来？

question    教授，我买了11个基金，每支每月定投20元，这样买是不是不对，是要买一支然后多投点钱吗，还是要怎样？,answer    你这可能是个典型问题。由于基金本身就配置一揽子股票，你去买十几个基金，其实里面配置的股票都交叉得一塌糊涂。买基金，不用超过三个。

question    教授，现在有人认为国企混改的机会比科创板还要大，请问国企混改会如何影响股市？,answer    从逻辑上来讲我认为是不对的。国企的体量很大，再怎么改，想象力的空间也就是翻倍，三倍。科创板则可能产生一批十倍股。另一方面，我个人的看法是国企是很成熟的体系，短期内要有很多突破是困难的。以上都是基本面分析，不排除市场会炒作一波国企改。

question    刘备教授您好，请问趋势交易方面的书籍有哪些是值得一看的？,answer    趋势交易的书我觉得看了没啥用，因为进化太快，你看到的任何技术一定是过时的，甚至是被人针对的。技术分析唯一有用的是量价关系，其实本身是很好理解的，也能和基本面相互配合来进行判断。这方面网上很多，多翻翻即可。

"question    教授你好，我是个投资新人，95后。
目前在尝试建立自己的投资体系，现在在考虑选标的和买点的问题。
问:
1.如何判断一只股票是和谁在玩(机构，游资，散户)？
2.如何判断这些玩家的资金占比？

想听听教授的见解","answer    很简单，看十大股东和基金持仓。每个季度上市公司会发布十大股东，基本上可以判断机构持仓比例。如果觉得还不满足，可以进一步去查一些主要基金对盖股的持仓数量。如果觉得太麻烦，其实雪球上去相关股票下面的讨论里面去翻，也一般会有人总结。
至于游资持股，其实每天都会有大的变化，一般是看龙虎榜。不知道啥叫龙虎榜，可以百度。"

question    刘教授，您曾在夜报中提过大族激光，当时是外资比例达到限额，感觉是比较看好的，近期该股外资比例逐渐降低，是否目前的价格已经太高？,answer    外资也有很多类型，有真外资，也有假外资，所谓假外资就是内资街道港股再转战a股的，其实还是短期投机的。所以建议可以保持对大族激光的关注，看后续外资如何行动。如果后续又达到限额，那说明是长线基金取代了短信的份额。

question    参与了好几个星球，以目前知识星球的情况来说，发帖互动性并不好信息容易嘈杂，个人提个建议：所有内容由教授你个人发起，别人想要发言可以以“提问”形式由你筛选，这样内容会清爽些，供参考。,answer    这个问题也有很多人说过了。目前的解决方法是设置了数位管理员，负责扫水和维持秩序，希望维持在一个既活跃又有秩序的氛围。会试行一个阶段，如果不行，再进场调整。另外如果大家觉得太乱，可以选择只看星主。

"question    刘叔，最近一直战胜不了心魔…比如在上周四没忍住，高位买了中信建投和华泰，结果周五周一周二跌停，然后忍不住出了一半中信建投，结果它又涨了…
我想请问教授…如何才能快速建立起自己的估值体系？如何能大致判断是否是交易的机会？谢谢~",answer    中信建投和华泰完全是两个逻辑。中信建投已经是纯投机，华泰勉强能说是价值投资

question    教授，目前这个情况，创业板50还能拿吗？,answer    够呛

question    请问教授，6月之前不碰p2p的逻辑是什么？能不能展开讲讲,answer    6月是一个资金紧张的节点，去年暴雷就是6月开始爆发的。能熬过今年6月的平台才可以看一看

question    教授对洛阳熟悉吗？谈谈洛阳的房价呗？或里面有洛阳的小伙伴也可以说说。,answer    不熟悉

question    教授，7天前机缘巧合看到你的公众号，又付费到了这里，抽空谈谈对科创板的看法吧，这是红利还是圈套呢？,answer    当然是红利。只有追高被套的才会觉得是圈套，那只是因为位置太好，看哪儿都是圈套

"question    教授，我要请教的问题太多了，现在只能一个个来，您看好的这些银行股  像小宁  小招  这里的逻辑在哪里?
        牛市行情最终跟业绩挂钩，如果一次次的数据更新被证伪咋办，对本轮行情的影响是怎么样的?还会不断创新高吗",answer    银行的逻辑就是我相信坏账没那么多

question    教授，请教一下，我一直定投沪深300和中证500，还有一只高β基金3年多了，300 10%，500 25%，混基25%仓位，每月加2%样子，现在略有浮亏。像今年有科创版和MSCI增持的情况下是看情况分批买，还是一如既往定投更好。感觉300的估值回落不大可能了，谢谢啦,answer    坚持定投

question    教授教授南宁糖业和东方园林可不可以长期持有呀.,answer    我都不喜欢

question    教授有没有你佩服的股神啊？最好是可以网络观察到，如果能互动就更好了。,answer    冯柳

question    教授，看业绩申万宏源去年和前两了月都不错的，这波涨幅感觉不大，是不是盘子太大不好涨还是其他什么原因，请教教授，第一次玩这个，问的不合规矩勿怪。这里怎么连个表情都木有??,answer    看蓝筹股不能看一两天，也不能看一两月

question    教授求教怎么样通过财报分析判断股价低估或者高估。,answer    问题太大了，可以写一本书

question    阅读文字上有水印，可以去掉？,answer    不知道，看一下知识星球的设置？

question    教授你好，能不能给我们讲一讲你的人生经历？我觉得好多球友们都想知道你的励志故事吧。,answer    我觉得我人生最励志的一件事是你们帮我完成的那就是开星球24小时就有2000粉丝。

question    教授，我有个困惑，关于股债平衡类的仓位配置问题，一边是长期持有优质股票躺赚，另一边还有个办法是股债配置，一部分持有股票，另一部分买可转债，债券内类低风险套利，这两种方法似乎有些冲突，例如资产配置讲的是客观的调仓换股，低风险积少成多，长持又讲的是减少操作，从而减少人为失误，我有些疑问，教授又在这个问题上是倾向于长持优质股票，还是倾向股债平衡的配置？为啥？教授曾经有在这些问题上选择过吗？,answer    当然是长持优质股。这才是真正的躺赚。

question    问问教授，一般我们要怎么选择卖点！谢谢,answer    你觉得有别的股票更有价值的时候

question    刘皇叔，能简单点评一下今天的股票市场吗？,answer    正常

question    教授你好，最近港股打新，都是亏，是否有策略变化？,answer    看我今天公众号文章

question    教授，中国平安现在贵吗，准备纳入定投了,answer    不便宜，但不贵

question    教授，想问一下你觉得最近几个月中国平安还有没有机会回到66元呀？,answer    难

question    一千八百人的群体，如何避免这里各种水贴，不能有效的看到高质量的内容～,answer    正在设法，已任命管理员

question    这是利空吗,answer    问题不大

question    京东方近期怎么样？一只持有中不知道该不该扔,answer    都涨那么多了，你还想干嘛啊

question    刘备教授，请教一下，您觉得国证有色板块的基金未来还有上涨空间吗？我刚刚半仓进去，现在基本没什么盈利，需不需要换仓，谢谢。,answer    有色我不太懂，周期股么就是看期货涨跌，其实挺坑爹的。目前中国经济一般，也很难涨到天上去

question    教授，你上次分享的尊嘉证券感觉被坑了，联系的你给的客服，先让我汇到他给的账户上，说是极速入金，我没太明白。后来我按尊嘉APP提示的汇到它分配给我自己的子账户上。结果说要好几天才能到账，400红包没拿到，自己还要倒贴手续费350。太坑了。。。,answer    手续费是有的，但红包也会给你的。如果你没拿到可以和我联系

"question    教授，我就简单粗暴一点，我跟你差不多，也是大学老师，同时做了一些生意。手上过的活钱多。现在，手上40w现金，还能投机一把吗？
已买蒙娜丽莎002918，仓位2/5，请指示一下",answer    这个不懂

question    教授，牛市是不是没开始就已经结束了？,answer    对牛市要有信心

question    【港股打新】今天两支新股 管道工程 和 东正金融 值得申购吗？已申购 管道工程4000股、东正金融1000股。求教授解答，谢谢。,answer    第一可以，第二随意

question    刘教授，请问下，您对于中国联通怎么看呢？我是跟着5g的风进来的，5g玩的很多都是基建，但感觉三大运营商，收到这股5g的影响会很大，港股我玩不了，所以就投中国联通了~,answer    联通我从来不看，没啥意思。明明大蓝筹，结果被妖化了

question    每天都能提供哪些内容？,answer    比方说回答下你的问题

question    教授，请教一下冠城大通公告说以低于5.5的价格回购，现在5块，那股价有可能超过5.5吗，还是在5.5之前下车？,answer    不一定

question    黄书，说说你持有的股票和接下来准备的操作吧,answer    公众号里经常说

question    教授，希望你介绍下自己，然后说下您的经历，让我们这些粉丝再了解您,answer    会写的，谢谢

question    我只想问皇叔同学这50万+的收入要交多少税啊哇哈哈！,answer    个税的比例都是公开的，不是秘密

question    教授您好，想咨询个问题：我目前在饿了么新零售任职的一个普通做业务的小程序员，最近济南有个小公司给的薪资也还不错，想回济南发展（我老家是济南的）。原因如下：在北京拿不到户口，买房只能靠自己，不如早点回济南打拼；我工作能力在目前公司部门领导很认可，一直在劝我不要放弃阿里这个平台，致使我比较纠结。想请教下您对这个问题的看法,answer    如果在阿里你有升职的可能，建议升职后在看，你的眼界会不同。

question    教授您好，现在开始跟着你投平安，双汇，宁招合适吗，向上的空间大吗,answer    可以是可以，但你不能指望赚快钱

question    这种信任是我以前不可能的，你的观点我很认同，很有用，表示一下支持，另外平安已买，小天鹅也买了，跌了就继续再买，平安不卖，小天鹅65以上卖，请指教,answer    可以的

question    问一个愚蠢的灵车有必要坚持持有吗？教授,answer    仔细想一下你买他是为了啥

question    还需要下载APP吗？,answer    需要

question    教授，今天满仓跌了不少，没想到会跌这么多，明天有机会卖还是持有？我的股票是信维、风华、中兴、东财，生益，谢谢教授！,answer    个股不看了，我对大盘有信心

question    教授，从老百姓的角度讲，在现有工作下，如何一步一步实现财务自由？实现路径？,answer    慢慢都会讲这个问题

question    教授现在跑步进场还来得及吗？感觉哪个都很高啊,answer    嗯，那就买个基金吧

question    教授，我持仓里的，中糖粮业 后期能不能躺赚啊？,answer    这个股票历史上一直不怎么样。主要看糖价涨不涨

question    请问教授，房产税对融创中国有影响吗？,answer    肯定有啊。但我觉得不会那么快出来

question    昨天看了教授的文章，研究了华泰，22.6买入，请问教授值得持有中线么。,answer    我觉得可以，我自己也有

question    需要下载app吗？第一次玩这个，付费已经好了！,answer    最好要，功能全

question    教授怎么看浙江美大？这波行情好像和他关系不大啊,answer    还好我没回答你，因为昨天市场已经自动回答你了

question    老师，能冒昧的问一下，您对龙虎榜的看法吗？今天看了一下数字认证的龙虎榜，想请教一下您的看法。,answer    龙虎榜主要看股票的行情到底是谁主导的。如果是机构主导通常是好事，游资主导那就比较复杂，不同游资的风格相差很大。

question    教授您好，我是一个学生，口袋里大概只有2000多的闲钱可以用来买基金之类的，想趁今年回暖用这些钱赚点零花钱，请应该怎么做呢？可以一次性全部买基金然后放着不管吗??,answer    那也赚不了多少啊。买基金倒是可以的，但前提是这些钱你有一段时间可以不用，至少半年以上吧

question    教授，你好，想入手平安，格力，美的，现在这个时机好吗？,answer    不是好时机，2个月前才是。不过长期看也不会套人

question    教授，能源股现在还适合持有吗？,answer    能源股太多了。不过最近石油一直涨，应该是利好能源的

question    请问教授，东财有没有交易费用福利可领？,answer    没有

question    请教教授，如何去发现那些被市场低估的上市公司？,answer    你这个问题好大。过几天用文章来回答你吧

question    请教授有空介绍一下消费股（必需消费）的投资逻辑或者估值方法。比如白酒、酱油、榨菜等。,answer    好，肯定会有

"question    教授你好，关注您的时间不长，有一年时间了。特别喜欢你的文风，读起来舒服有亲和力。属于那种一旦打开就停不下来的那种！

想问下教授，对于公众号写作这里有什么好的建议吗？在初期阅读量，粉丝都很少的时候，是如何积累粉丝，提高阅读量的？谢谢",answer    第一，专心写出好的内容，第二，厚着脸皮向一切人推广。当然建议不要在这里推广

"question    刘备教授你好，我是一名本科大三学生，刚刚开始学习理财还不是很久，基本是个纯粹的小白。
想问问刘备教授，这个星球里会有适合小白看的股市或者整个理财方面的基本性知识吗?
还有就是星球里更新文章的频率大概会是怎么样的呢?",answer    经常会有，甚至可以说大部分都是

question    教授，请问可转债怎么看,answer    保守投资者的利器

"question    教授你好，中信国安要重组。
我是子公司员工前几天看见领导下发的重组文件，昨天买了一点，这个重组对现在股价影响大吗？毕竟这段时间涨了太多了",answer    如果没记错的话，中信国安最近涨是因为蚂蚁金服概念。

question    方正证券入了一手，这两天跌，今天还适合补仓么？,answer    券商中长期看应该没问题

question    教授，海南自由贸易港法正式提上国家立法日程，对罗牛山怎么看？,answer    罗牛山一直是海南赛马概念，但历史上被炒过很多轮了。加上现在的市场焦点是科创板，所以我觉得没啥大意思

question    请问教授，我们使用没什么名气的小券商买卖股票，如果这个小券商倒闭了，如何确保我们的资金和股票？我们的资金和股票如何追回？,answer    放心，你的股票和钱都是托管的。在指定的托管银行里。a股以前倒闭过很多券商，股票和钱都安然无恙

question    教授，那个尊嘉小姐姐的微信给个呗，多谢！,answer    zunjia007

question    港股通股票基金现在可以入手吗？(懒人，不买股票),answer    我认为可以，但具体要看什么风格

question    教授，除了股市，我们还能做什么稳定的投资？,answer    余额宝，银行理财，基金

question    教授你好，我的问题是：在股市中有哪些是可以当做公理一样存在的假设和前提。,answer    好问题，以后我专门写篇文章来解答吧

question    问下下次合作的券商还是华泰吗？才开的户已满三户了,answer    不是

question    教授，我是投资纯小白，每月还完房贷和信用卡就基本没啥剩余了。现在也在控制支出，希望每月能有一笔固定资金用来投资。请问我该如何入门投资？有书籍或其它资料推荐都可以,answer    看我订阅号2月7日文章

question    教授，你好~拜读了今天的文章，你怎么说【捡烟蒂】法是特定时候可以用呢？难道不是适用于任何时期么？可能是牛市时候公司比较少，熊市时候会比较多，但是应该是都可以找到的吧？,answer    后面会写

question    603587这股，今天异动，交易量大幅增长，大神指点一下，这意味着什么呢,answer    这个股票不懂。但一般放量上涨是好事

question    这个港股新股「赏之味」「兴和控股」太能跌了吧，第一天分别跌了30%、27%，教授问问你是怎么处理这些的，是直接最近一段时间都没打新了，还是盘中割肉了？,answer    如果是我，会在暗盘卖出

question    请教教授，今天进了日海智能，后续如何走，请给些意见,answer    不懂这个股票

question    教授您好，想请问一下，对于macd kdj这些技术指标，对于股市操作中我们应该怎么看？它所表现出的买入卖出信号真的有理由相信吗？,answer    我完全不懂。但我觉得长期投资不用看这些。而且这些指标现在越来越失效了

question    两会这次完全没提房地产的事 多军又说这是利好了 教授怎么看,answer    最近的确有放松的姿态，但房价基本如此了

question    教授可以推荐一些炒股入门级的书看么？就是最基础的解释专业名词之类的书，谢谢。,answer    这个我会写一下吧

question    教授以后港股打新能不能都评论下，最近新股有点坑啊,answer    今天就有啊，看订阅号

question    安科生物定增利好还是利坏？,answer    我看了下，定增价12元多，现价15。那应该是偏利空一点。不过也还好，不算太离谱

question    教授，信托有推荐的吗？,answer    有是有，但那个风险较大的

question    教授好，港股打新有一个上海汽车金融企业，看完招股书顺便看了看其控股公司，功力不够，看不透。教授看看这个汽车金融企业有搞头不？谢谢,answer    我也看不透

"question    教授你好。2月下旬基本全仓美的，现在浮盈才2个点，持有了3周多，其他股飞涨，美的严重滞涨，很后悔… 
持有美的主要逻辑是觉得它家布局全，还有回购，股价有支撑，中线看到55以上，想赚一个确定的20%利润。 前段时间拿的很煎熬，今天大涨很开心，判断主升浪要来了。           结果晚上315又披露了美的和小天鹅的特约经销商坑钱的事情，美的躺枪，要是周一大跌，我是不是得跑了换平安呀…    麻烦教授看看美的还值得拿不…",answer    拿美的要以年为周期，实在不行也要以季度为周期

question    教授，想咨询下315曝光了家电安装维修后，如何看待家电后续的走势。分被曝光的美的，小天鹅等，没有曝光但是也有大量上门安装的格力，老板，华帝这些等,answer    影响不会太大

question    教授，大家来这里是看您的高见的，现在这圈都变成广告推广群了，今天张三发一个自己的公众微信号链接，明天李四再来发一个，实在是让人无法接受，建议您要管理一下，广告推广链接一律删除！,answer    已设管理员，会逐步解决这个问题

question    教授A股的新股上市一般换手率多少会开板？,answer    我的感觉是5%。不过你可以具体去看一下，这个指标很好找，不同类型股票也不太一样

question    刘备教授，你好。我是一个初入股市的新人，在入市前，我也专门看过很多价投的书籍，不过仍觉得自己欠缺火候。从内心深处，我很认同价投的理念。但觉得在实践中我发现自己有时仍然不能控制住自己的情绪。我在2800点时开始买入沪深300股指基金，之后一路下跌，我断断续续接着买。在春节前，股指浮盈7%。但我贪了国债逆回购的利息，便临时撤出，把钱放入逆回购了。不成想，春节后，低迷的股市开始回暖，第二天就冲到了2700。但我却非常害怕。按照我一开始的想法，我应该认为2700点仍是个便宜的位置，此时我最该做的是坚定买入。但我犹豫了，最终股市冲到3000点，我不知道如何克服自己这种看到涨了就恐慌的心理，求刘备教指教。,answer    正常，多炒几年就习惯了

question    教授，想系统的学习理财管理，有什么好的建议吗？,answer    看我订阅号2月7日文章

question    请问教授对创业板怎么看，科创板发行之后，会不会对创业板造成影响，使得创业板变成一摊死水？我之前定投了两年创业板指数，近期刚盈利不到10个点，需不需要在科创板来之前退出？科创板来了之后，创业板指数还有定投价值吗？,answer    不会。创业板还是有很多优质公司。只要这些公司成长，创业板就不会死

question    教授您好，目前有融资融券信用账户，我的做法是把中长线基本不操作的放在信用账户中，将短线操作放在普通账户，这样做感觉有很多不便，因为始终满仓，普通账户也没有资金进行操作。信用账户也不敢用融资的钱。想请您帮忙指点一下，怎样分配才合理。如果又确定性比较强的机会，用融资买入标的后，目前警戒线是150%，买入品种跌多少会被强平，谢谢教授！,answer    我从不融资

question    想问下教授，315曝光家电行业的问题是否近期会有较大影响？,answer    应该没啥大问题。都是修理工个人行为

question    教授，东方财富后市该怎么操作？互金板块涨不过大智慧，券商板块比不过龙头??,answer    对牛市有信心可以持有，但我有点恐高

question    能不能只让你一个人发言，其他人只能提问，不然这乱糟糟的，这些星球的权限都可以控制的，这样消息流清爽很多，让星球发挥应有的作用,answer    我设了管理员，应该会好一点

question    教授，后续华泰的趋势要如何看?,answer    中长期看涨，短期不知道

question    看了教授的公众号后一直感觉教授的文章很良心！所以教授开通了星球果断直接加入！我个人比较宅，也是看了教授文章后，心生一点想法，想业余时间学学投资理财，您能给像我这种一点基础没有的人，推荐几本适合的书籍吗？,answer    请看公众号2月4日文章

question    教授您是哪个学校的教授啊,answer    保密

question    价值投资的